species,x1,y1,x2,y2,x3,y3,x4,y4,x5,y5,x6,y6,x7,y7,x8,y8,x9,y9,x10,y10,x11,y11,x12,y12,x13,y13,x14,y14,x15,y15,x16,y16,x17,y17,x18,y18,x19,y19,x20,y20,x21,y21,x22,y22,x23,y23,x24,y24,x25,y25,x26,y26,x27,y27,x28,y28,x29,y29,x30,y30,x31,y31,x32,y32,x33,y33,x34,y34,x35,y35,x36,y36,x37,y37,x38,y38,x39,y39,x40,y40,x41,y41,x42,y42,x43,y43,x44,y44,x45,y45,x46,y46,x47,y47,x48,y48,x49,y49,x50,y50,x51,y51,x52,y52,x53,y53,x54,y54,x55,y55,x56,y56,x57,y57,x58,y58
Paretroplus_lamenabe,-0.15050098,-0.028376174,0.07632234,-0.062961489,-0.160193152,0.04121896,0.034707753,0.11399426,0.103954969,0.106265637,0.047020031,0.080223387,0.06078658,0.055879495,0.081891013,0.021094958,0.123590289,0.024169012,0.147934822,0.027247764,0.155930393,0.072495142,-0.171498824,-0.02570297,-0.158996447,-0.026321517,-0.147445348,-0.028886205,-0.138221492,-0.035342126,-0.128117452,-0.042491223,-0.117008069,-0.049275205,-0.105100454,-0.054888279,-0.092897381,-0.059550566,-0.080405466,-0.063416123,-0.067719171,-0.066374793,-0.054994634,-0.068702893,-0.042201836,-0.070163918,-0.029450472,-0.07108133,-0.01673075,-0.071633193,-0.004027143,-0.071828304,0.008685051,-0.071670621,0.021397314,-0.071100527,0.034068733,-0.070030994,0.046649945,-0.068469669,0.059161043,-0.066595226,0.071803894,-0.064408869,0.083975402,-0.060309009,0.095325914,-0.05455334,0.106030553,-0.047781869,0.115825157,-0.039825808,0.124853251,-0.031063178,0.133034967,-0.021658635,0.140475585,-0.011703923,0.147830694,-0.001599412,0.155150916,0.008536336,0.162435162,0.018651569,0.1698785,0.028394837,0.176971688,0.038612147,0.184321092,0.048722761,0.189422551,0.062825322,-0.177040675,0.035426394,-0.167249708,0.037632123,-0.156150478,0.04331505,-0.146860985,0.052146426,-0.136460004,0.061030393,-0.12490334,0.068474351,-0.113113714,0.074753378,-0.101002616,0.080402832,-0.08869269,0.085560324,-0.076418125,0.090666545,-0.06390794,0.095256861,-0.042126258,0.104771123
Paretroplus_tsimoly,-0.149406247,-0.029210483,0.071181951,-0.057841248,-0.161674396,0.036732699,0.02870553,0.111798423,0.104281503,0.10772068,0.041064469,0.075950266,0.055574693,0.052228293,0.079078204,0.019550314,0.122609848,0.017819479,0.151650893,0.022000921,0.166960353,0.064837245,-0.174784975,-0.029775499,-0.161415405,-0.028609113,-0.148819131,-0.028745916,-0.13753151,-0.033585658,-0.127166114,-0.040164144,-0.115823619,-0.04574496,-0.104103352,-0.050602543,-0.092053768,-0.054800079,-0.079759279,-0.057934258,-0.06739089,-0.060498602,-0.054902,-0.062338333,-0.042354897,-0.063814351,-0.029720874,-0.064704082,-0.017111982,-0.065381564,-0.004539161,-0.06559303,0.008037115,-0.065301497,0.020639657,-0.064624763,0.033175196,-0.063522964,0.045694448,-0.061969559,0.058214739,-0.060283711,0.070335115,-0.058066752,0.08167778,-0.054262358,0.092699622,-0.049014582,0.103677199,-0.042957078,0.114314807,-0.036462763,0.124541568,-0.029396942,0.134254766,-0.021531022,0.143531332,-0.013124211,0.152649229,-0.004284063,0.161022538,0.005649606,0.168156766,0.015443277,0.176998903,0.023111053,0.186136202,0.032889161,0.194174272,0.044464743,0.200444331,0.057412272,-0.184784822,0.028436149,-0.169374936,0.033140821,-0.157169684,0.039170199,-0.148078369,0.048921135,-0.137315871,0.057016928,-0.125858809,0.06399013,-0.114116339,0.070058736,-0.102115002,0.075829193,-0.089752325,0.081074781,-0.07724481,0.08647289,-0.064576815,0.092439114,-0.052537644,0.099987619
Paretroplus_nourissati,-0.151886104,-0.029130705,0.066938675,-0.056679392,-0.159797706,0.036810093,0.035689997,0.105688648,0.105777456,0.101925405,0.045846295,0.072237492,0.060439787,0.047107864,0.080671362,0.015585523,0.125777188,0.018528211,0.153878146,0.022946011,0.16435976,0.066943235,-0.182287911,-0.030577901,-0.163945416,-0.028008455,-0.151078388,-0.028572509,-0.139135426,-0.032569728,-0.127992484,-0.038157414,-0.116530952,-0.04328905,-0.104770686,-0.047708948,-0.092773321,-0.051483102,-0.080564998,-0.054688904,-0.068206667,-0.05718906,-0.055750821,-0.059172782,-0.043258872,-0.060539359,-0.030726481,-0.06137445,-0.018146228,-0.061731354,-0.005512391,-0.061741181,0.007161281,-0.061413368,0.019864806,-0.060774299,0.032566646,-0.059960383,0.045323275,-0.058902274,0.057865454,-0.057867065,0.069818164,-0.056091617,0.081376416,-0.052578246,0.092885977,-0.048049156,0.104182411,-0.04299156,0.115096726,-0.037134533,0.125605047,-0.030290832,0.135502699,-0.022320305,0.144971331,-0.01377158,0.154290068,-0.0048267,0.163047026,0.005038628,0.170483098,0.015110483,0.178882778,0.024230918,0.18709787,0.034663092,0.195256647,0.046439145,0.201826005,0.062290466,-0.191580423,0.027804167,-0.17200749,0.032266107,-0.158912839,0.036592896,-0.147092466,0.044494414,-0.136571775,0.053002905,-0.125423616,0.059666443,-0.113744679,0.065435739,-0.101536557,0.071095062,-0.089155995,0.076874982,-0.07671864,0.082731987,-0.064140264,0.088957507,-0.053232795,0.095118792
Paretroplus_damii_Anjingo,-0.154616343,-0.025605063,0.077340347,-0.065088164,-0.163223334,0.040012646,0.034511216,0.114907187,0.105671796,0.10510535,0.049556466,0.079306038,0.064109747,0.054228842,0.082495727,0.020690033,0.122249216,0.023066228,0.14808559,0.026252425,0.1526255,0.072313694,-0.169463738,-0.025058803,-0.158054578,-0.024308072,-0.147208088,-0.02902234,-0.137575293,-0.035671803,-0.127013887,-0.042342863,-0.115969218,-0.048615056,-0.104311126,-0.054309235,-0.092166625,-0.059112398,-0.079793738,-0.063000479,-0.06729226,-0.06617156,-0.054629213,-0.068689248,-0.041895484,-0.070458069,-0.029201056,-0.071848221,-0.01645299,-0.072848181,-0.003675583,-0.073507399,0.009139635,-0.073621963,0.021958442,-0.073219777,0.034784035,-0.072228853,0.047511977,-0.070680225,0.060104878,-0.068829928,0.073014906,-0.066549959,0.085353536,-0.061902828,0.096577362,-0.055620571,0.107160463,-0.048552507,0.117061071,-0.040630192,0.125991361,-0.031759923,0.134137941,-0.022229723,0.141692164,-0.012237555,0.14880332,-0.00194636,0.15604877,0.008134385,0.161870801,0.018842442,0.166765898,0.029895617,0.172448321,0.041122409,0.17787106,0.051414673,0.181958362,0.066880986,-0.176670426,0.035601068,-0.166974856,0.03745004,-0.15670655,0.044384479,-0.147045844,0.053083339,-0.136532243,0.061709414,-0.125135166,0.069420318,-0.113248561,0.075748003,-0.101179838,0.081519796,-0.088904043,0.086894046,-0.076503622,0.092020081,-0.064200336,0.09741482,-0.041255869,0.108248958
Paretroplus_damii,-0.152815917,-0.025287338,0.074846616,-0.065331362,-0.161999814,0.040727968,0.035490971,0.113328071,0.105134978,0.104848227,0.045011357,0.07922522,0.059324563,0.055383605,0.079911841,0.015896224,0.119564864,0.019204234,0.143874684,0.022406241,0.152215393,0.072573653,-0.171705558,-0.02488557,-0.15878834,-0.023834697,-0.146479359,-0.027192447,-0.13679963,-0.034118359,-0.126459469,-0.041045629,-0.115253285,-0.047080186,-0.103667134,-0.052528857,-0.091727577,-0.05734582,-0.079584915,-0.061502738,-0.067216586,-0.065183787,-0.054599374,-0.068052656,-0.041891757,-0.070296427,-0.029105848,-0.071816203,-0.01628415,-0.07288617,-0.003417394,-0.073396979,0.00941106,-0.073403071,0.022295413,-0.073002611,0.035071958,-0.071788305,0.047729475,-0.07023419,0.060428974,-0.068393206,0.07331018,-0.065903525,0.08554879,-0.061258294,0.097040079,-0.055312014,0.107817286,-0.048220515,0.11777348,-0.04018892,0.126797754,-0.031289821,0.135176118,-0.021879564,0.142803286,-0.011867523,0.14995738,-0.001516053,0.156770157,0.00891114,0.162618026,0.019973194,0.169288646,0.030497256,0.175760958,0.041065597,0.18156185,0.051471941,0.18605809,0.069183167,-0.178974428,0.034298652,-0.167702981,0.036830036,-0.157528289,0.044184383,-0.147946233,0.053067573,-0.137207841,0.061638538,-0.12549041,0.068866531,-0.113665928,0.075236355,-0.101398836,0.080850297,-0.088922133,0.08583565,-0.076445133,0.090553151,-0.063944945,0.09539928,-0.041570964,0.104586652
Paretroplus_loisellei,-0.153322799,-0.02855969,0.076448121,-0.060680824,-0.164804544,0.03758559,0.033650473,0.112689745,0.106258607,0.104207983,0.047852747,0.075953848,0.06273721,0.052744328,0.084987464,0.017461869,0.122801722,0.019912644,0.14874561,0.023756,0.159539468,0.06588822,-0.172475831,-0.027586281,-0.159658891,-0.0267837,-0.148168858,-0.030024365,-0.138456619,-0.036453047,-0.127391518,-0.042580906,-0.11589203,-0.048054953,-0.103979577,-0.052597833,-0.091906356,-0.056759724,-0.079575439,-0.060136303,-0.067163153,-0.063008319,-0.054647424,-0.065255875,-0.042051913,-0.066933539,-0.029425835,-0.06813282,-0.016774819,-0.068954913,-0.004095043,-0.069242075,0.008576272,-0.06896379,0.02121059,-0.068417871,0.033788928,-0.067378264,0.04637469,-0.065984032,0.058916976,-0.064215212,0.071423688,-0.062174758,0.083370621,-0.058335691,0.094535849,-0.052696702,0.105243385,-0.046135812,0.115561612,-0.038968817,0.125315067,-0.031044097,0.134405993,-0.022361127,0.142758907,-0.012929799,0.150636459,-0.003114466,0.158278998,0.00697713,0.164251846,0.017960281,0.170378591,0.028565667,0.177406777,0.038975953,0.183748711,0.049763126,0.188384482,0.063810876,-0.180771101,0.031674818,-0.167811325,0.035499752,-0.15753684,0.043123881,-0.148041768,0.052150408,-0.137118126,0.060457937,-0.125460239,0.067499547,-0.113609697,0.073617126,-0.101457625,0.079179911,-0.089186869,0.084508463,-0.076881623,0.089758155,-0.064597389,0.095206599,-0.045326614,0.105535747
Paretroplus_kieneri,-0.155069396,-0.031178612,0.081422358,-0.05631007,-0.164066428,0.037649672,0.043297787,0.105784189,0.111764708,0.095396922,0.061353443,0.072568166,0.074004006,0.052586281,0.09303884,0.018307055,0.130815405,0.029918012,0.15572991,0.032868476,0.158350238,0.068893947,-0.181186148,-0.030258913,-0.161725147,-0.029358303,-0.15111367,-0.031598872,-0.141113312,-0.036814295,-0.130399609,-0.043244003,-0.118618964,-0.048859872,-0.106477342,-0.053648001,-0.094159921,-0.057497895,-0.081635337,-0.060903519,-0.068935682,-0.063378417,-0.056362036,-0.065402282,-0.043686331,-0.066862175,-0.030951825,-0.067848525,-0.018217541,-0.068437973,-0.005483048,-0.068439465,0.007169142,-0.068041473,0.019759424,-0.067072249,0.032295124,-0.06571036,0.04477516,-0.063908339,0.057211393,-0.061741372,0.069594853,-0.059355192,0.081536159,-0.056484635,0.092582999,-0.051403771,0.103334145,-0.045194605,0.113775482,-0.038342176,0.123655912,-0.03073108,0.132740225,-0.022211497,0.141075496,-0.012889892,0.148704762,-0.002873798,0.15601525,0.007294037,0.163129471,0.017571957,0.168556957,0.028458631,0.173445295,0.039664444,0.178161972,0.050301651,0.180856308,0.067584832,-0.188205734,0.030656515,-0.168107589,0.035323016,-0.156665096,0.042298966,-0.146319243,0.050803042,-0.135666716,0.058750173,-0.124486401,0.066009827,-0.113049816,0.072783472,-0.101009547,0.078582138,-0.088692787,0.083684765,-0.076189189,0.088123591,-0.063428037,0.09182486,-0.027130328,0.102312999
Paretroplus_gymnopreopercularis,-0.15698165,-0.030189386,0.081583583,-0.054054418,-0.16465141,0.035351869,0.045158048,0.103618696,0.111817485,0.093443184,0.060142434,0.070317331,0.072629861,0.049817626,0.093425449,0.01654734,0.132997142,0.029382014,0.159647766,0.033845939,0.160580355,0.069690107,-0.18804575,-0.031343465,-0.163832531,-0.028934848,-0.152200875,-0.029862363,-0.141511198,-0.034324867,-0.130667572,-0.040594628,-0.118788054,-0.045447996,-0.106832014,-0.049809097,-0.094620268,-0.05351521,-0.082265608,-0.056714011,-0.069787761,-0.059221265,-0.057226904,-0.06124476,-0.044622495,-0.062771674,-0.031965639,-0.063799118,-0.019322395,-0.064465751,-0.006696367,-0.064608455,0.005934,-0.064249482,0.018557586,-0.063421836,0.031170676,-0.062296588,0.043778841,-0.060811762,0.056356615,-0.059035062,0.068827323,-0.05696336,0.080735533,-0.05453785,0.091900795,-0.05017238,0.102788376,-0.044349386,0.113487926,-0.037823269,0.123879952,-0.030822573,0.133627277,-0.022884859,0.142736383,-0.014031166,0.151064844,-0.004327045,0.159027264,0.005765848,0.166487551,0.016255852,0.172379175,0.027431746,0.177561991,0.03889712,0.182244246,0.05003716,0.184474215,0.068352617,-0.194753228,0.027866252,-0.170158906,0.032725338,-0.156931259,0.039029359,-0.1463006,0.047676551,-0.135262182,0.054746469,-0.123880185,0.061316078,-0.112194394,0.067209518,-0.100128616,0.072823509,-0.08798454,0.078090467,-0.076032493,0.082618217,-0.063117015,0.086119223,-0.028240784,0.097652499
Paretroplus_polyactis,-0.143640487,-0.027972512,0.078590258,-0.065757199,-0.155918861,0.038505095,0.037022822,0.121794373,0.11238958,0.106064443,0.049259087,0.083228282,0.062644009,0.057912845,0.08760653,0.017494114,0.122959855,0.027459015,0.147075366,0.031452707,0.15853469,0.073803772,-0.167560625,-0.027046817,-0.158216376,-0.025936568,-0.146044479,-0.026726126,-0.135684634,-0.032398228,-0.125733402,-0.039120087,-0.115605093,-0.046245467,-0.104873264,-0.053212848,-0.093334768,-0.059419687,-0.081188726,-0.064489563,-0.068798315,-0.068631591,-0.056181037,-0.072024662,-0.043310141,-0.074728384,-0.03034673,-0.076537591,-0.017362923,-0.077754981,-0.004295174,-0.078275336,0.008742531,-0.078153571,0.021722508,-0.077375341,0.034622698,-0.07599652,0.047397503,-0.073944872,0.059986685,-0.071317366,0.072695276,-0.06811681,0.084833817,-0.062943413,0.095541805,-0.055861108,0.105391059,-0.048113623,0.114374091,-0.039603459,0.122769705,-0.030592755,0.130724256,-0.021267222,0.138025779,-0.011435775,0.144961698,-0.001269352,0.151488005,0.008994354,0.157384507,0.019414182,0.162915725,0.030892219,0.170574632,0.041198343,0.17699531,0.051136487,0.182761182,0.061861278,-0.175962476,0.029810845,-0.164053621,0.03296249,-0.152546518,0.040649999,-0.144394926,0.050764019,-0.136224403,0.060690372,-0.126434042,0.070260721,-0.115351858,0.078777915,-0.103483104,0.086133696,-0.091289516,0.092739296,-0.078776272,0.09858215,-0.066352874,0.10366007,-0.037026327,0.116025754
Paretroplus_maromandia,-0.144931763,-0.026283895,0.080967024,-0.066101234,-0.15562694,0.040803952,0.039100541,0.119638867,0.111961599,0.10322668,0.051801193,0.080054963,0.067011726,0.055275349,0.087782003,0.019051324,0.122572168,0.028061801,0.148615294,0.032649245,0.153788947,0.075120049,-0.165377378,-0.024718628,-0.157288525,-0.023845192,-0.144700875,-0.025341352,-0.134429154,-0.031491296,-0.125136522,-0.038825494,-0.115199987,-0.046297132,-0.104648372,-0.053411779,-0.093689609,-0.059967349,-0.082447727,-0.06618945,-0.070455691,-0.071947276,-0.057559358,-0.076651051,-0.04402895,-0.080268688,-0.030156072,-0.082389495,-0.016528329,-0.083308335,-0.003094746,-0.083385553,0.010120769,-0.082704938,0.023440559,-0.081480217,0.036479982,-0.079147428,0.049210952,-0.07636148,0.061559248,-0.072820589,0.074007575,-0.069020746,0.086280928,-0.063437193,0.096011176,-0.055177748,0.10502166,-0.04682051,0.113783074,-0.038180777,0.122115338,-0.029233021,0.129856907,-0.019836725,0.137150048,-0.01004374,0.144207504,2.82E-05,0.150956547,0.010012502,0.156588796,0.019962035,0.160870464,0.030799271,0.165986956,0.042463559,0.171173701,0.052954233,0.176313228,0.067718415,-0.172742089,0.033120473,-0.163840617,0.03495574,-0.152848914,0.042290383,-0.145246575,0.05240738,-0.13678569,0.062315248,-0.12733974,0.072072077,-0.116544277,0.081240558,-0.104522202,0.089400381,-0.091583697,0.096097288,-0.078318483,0.10144112,-0.065430978,0.10536813,-0.034232645,0.116159117
Paretroplus_menarambo,-0.146964216,-0.02840349,0.081715738,-0.062797955,-0.159903057,0.03789209,0.042653228,0.115584177,0.110967667,0.103342531,0.055289025,0.079140128,0.067801137,0.054077637,0.090541811,0.015517779,0.126370356,0.026437829,0.151043295,0.031111678,0.152698559,0.076017535,-0.169598335,-0.028733939,-0.158490412,-0.027018642,-0.146642678,-0.028082745,-0.136264921,-0.033241601,-0.126164626,-0.039728223,-0.115746269,-0.046480217,-0.104868631,-0.053046622,-0.093444474,-0.059133691,-0.081416524,-0.064334227,-0.06895309,-0.068595691,-0.056101217,-0.071854251,-0.043103069,-0.073999372,-0.030027713,-0.075489775,-0.016929302,-0.075947553,-0.003962691,-0.075863493,0.008878104,-0.075175008,0.021605423,-0.074189825,0.034291208,-0.072688591,0.046883616,-0.070707998,0.059365564,-0.068298261,0.071799254,-0.065540945,0.084158001,-0.061961106,0.095608105,-0.056060481,0.106305567,-0.049181758,0.116142817,-0.041213217,0.125216646,-0.032469891,0.133425663,-0.023033957,0.140531537,-0.012852021,0.147126051,-0.002376188,0.15325559,0.008226239,0.158622204,0.018758055,0.162133711,0.0295153,0.165927388,0.0413546,0.170804348,0.05271328,0.175198158,0.066053133,-0.179971066,0.030180556,-0.165160421,0.034394477,-0.154277561,0.042118795,-0.146044665,0.051929219,-0.137253487,0.061751117,-0.127029379,0.071155616,-0.115580366,0.079206358,-0.103681947,0.086330906,-0.091247412,0.092596471,-0.078489495,0.097967983,-0.06562666,0.102559102,-0.03341609,0.112568142
Paretroplus_maculatus,-0.148419005,-0.026924961,0.084584084,-0.063615877,-0.159706418,0.039098004,0.038513444,0.116767239,0.107911101,0.104500187,0.048628135,0.074823186,0.063178888,0.052198906,0.087590716,0.016622547,0.120784502,0.028478127,0.149076848,0.031183688,0.150894379,0.075080578,-0.169074604,-0.025884379,-0.157805929,-0.025094969,-0.145871562,-0.027264114,-0.135728241,-0.033066052,-0.125592669,-0.039635413,-0.115105987,-0.046292938,-0.104198405,-0.052778886,-0.092788286,-0.058755187,-0.081017528,-0.064173752,-0.06874356,-0.068952372,-0.056010777,-0.072784953,-0.043104434,-0.075734174,-0.030019184,-0.077955314,-0.016724438,-0.079275815,-0.003437738,-0.079693234,0.009713478,-0.079349915,0.02283567,-0.078385271,0.035772734,-0.076582208,0.048566295,-0.074271797,0.061102487,-0.071177999,0.073484575,-0.067617909,0.085851804,-0.063079902,0.097017307,-0.056369018,0.107242642,-0.048931654,0.117071288,-0.041037454,0.126177708,-0.03226942,0.134319446,-0.02276827,0.141378052,-0.012593108,0.147710111,-0.002027348,0.153265619,0.008679859,0.157760257,0.019246539,0.160832382,0.030355583,0.164991384,0.042671488,0.169968496,0.053600088,0.174597549,0.069176237,-0.176074726,0.031379004,-0.164233511,0.035346451,-0.154622673,0.043944217,-0.146368948,0.053582214,-0.137461737,0.063468695,-0.127016767,0.072836327,-0.115435371,0.081073181,-0.103111719,0.088058097,-0.090395106,0.094008233,-0.077543406,0.098955131,-0.064998826,0.103349695,-0.030209828,0.115860163
Paretroplus_dambabe,-0.152561143,-0.026066334,0.087145344,-0.062869632,-0.162360729,0.040546509,0.036942254,0.112786027,0.108197701,0.103181975,0.051475657,0.075176899,0.064756394,0.051916063,0.087841696,0.017589465,0.124949251,0.028901514,0.149238778,0.032043222,0.150901041,0.077039933,-0.173644592,-0.025932806,-0.158987299,-0.024819059,-0.146784505,-0.027024043,-0.136668371,-0.033052296,-0.12635429,-0.039559094,-0.115598605,-0.045951196,-0.104366307,-0.051954986,-0.092701971,-0.057436563,-0.08073722,-0.062206144,-0.068506473,-0.066437735,-0.055888667,-0.06981942,-0.043035654,-0.072526308,-0.03004041,-0.074198991,-0.017066615,-0.075281774,-0.004024853,-0.07566614,0.008937621,-0.075387772,0.021831825,-0.074576353,0.034609328,-0.073294765,0.047332683,-0.071587369,0.059984291,-0.069349056,0.072527746,-0.066662538,0.085259542,-0.063530444,0.097482359,-0.058043861,0.108574527,-0.050728599,0.118506449,-0.042307363,0.127498979,-0.033163753,0.135147453,-0.023162088,0.142369121,-0.012936506,0.148836261,-0.002299346,0.154780928,0.00840404,0.159216631,0.019268407,0.162599613,0.030574239,0.167002787,0.042238344,0.17109832,0.052612401,0.175320487,0.070868296,-0.181280286,0.035053623,-0.167206417,0.037930357,-0.156296878,0.044256615,-0.146749005,0.052916392,-0.136692078,0.061797127,-0.125626126,0.069839733,-0.113927274,0.076857209,-0.101644856,0.082911507,-0.089100846,0.088184471,-0.0763466,0.092364202,-0.063349921,0.095408075,-0.032817082,0.10716569
Ptychochromoides_itasy,-0.11928716,-0.034643958,0.083098675,-0.05700523,-0.136093049,0.046744661,0.039250853,0.112744182,0.109419323,0.105979802,0.04986549,0.079551015,0.066098744,0.059548449,0.093366863,0.016278897,0.131860683,0.032381138,0.162319422,0.03543372,0.161373419,0.066622783,-0.172584252,-0.03590162,-0.162460515,-0.033644659,-0.150367662,-0.032843798,-0.138684483,-0.03291761,-0.126159431,-0.032792018,-0.111324075,-0.03739451,-0.101174976,-0.04671403,-0.091281553,-0.05184738,-0.080100099,-0.056105401,-0.068310006,-0.059038894,-0.056208544,-0.061284193,-0.044064181,-0.062858948,-0.031943596,-0.063478836,-0.019576093,-0.063371337,-0.006907651,-0.063170956,0.005834918,-0.063043098,0.018439125,-0.062997162,0.030788429,-0.062657344,0.043198151,-0.06176572,0.0557068,-0.060766891,0.068116309,-0.059530321,0.080176864,-0.057940426,0.091919761,-0.054828339,0.103646555,-0.050972998,0.115092634,-0.04592042,0.126518001,-0.040207389,0.138263564,-0.032612488,0.149200645,-0.021543162,0.156793731,-0.007296012,0.158047142,0.005470926,0.161027877,0.016538727,0.168747661,0.025873022,0.177736363,0.033881128,0.186812842,0.043197876,0.188541528,0.046868521,-0.184026489,0.030874051,-0.172163493,0.033670506,-0.159981422,0.037168319,-0.147961919,0.041298486,-0.134429685,0.047210694,-0.12439802,0.058507017,-0.120981829,0.070862003,-0.109560434,0.08008405,-0.098214609,0.088331308,-0.086477971,0.096067569,-0.078377069,0.101214273,-0.088162106,0.094692021
Ptychochromoides_betsileanus,-0.12136191,-0.033067633,0.082523375,-0.061894381,-0.132304689,0.048013791,0.039900279,0.116335396,0.103930162,0.109652024,0.049843716,0.086132754,0.061621473,0.063913486,0.086339676,0.023622173,0.129606864,0.03515846,0.15946119,0.038269667,0.157410855,0.072182286,-0.175565981,-0.032312432,-0.162865746,-0.031149308,-0.150656278,-0.030755036,-0.138979816,-0.030987408,-0.125700865,-0.031303221,-0.11208738,-0.038020077,-0.10192045,-0.045610814,-0.091648751,-0.050600455,-0.080271709,-0.054794857,-0.068497375,-0.058190676,-0.056380451,-0.060975062,-0.04400377,-0.063139444,-0.031659879,-0.064875498,-0.019331232,-0.066179053,-0.006765483,-0.066839334,0.005889022,-0.067611097,0.01838841,-0.068277664,0.030917306,-0.068338664,0.043623369,-0.068001555,0.056416961,-0.067059227,0.06910855,-0.065382817,0.081548773,-0.062062806,0.093086614,-0.056612696,0.104035937,-0.050266477,0.114817783,-0.04370463,0.125356864,-0.036636267,0.135905376,-0.028884187,0.145851124,-0.019134402,0.153814316,-0.007478887,0.159271744,0.004288125,0.164441528,0.015131403,0.171058284,0.024857698,0.179477721,0.033386843,0.187307297,0.043690547,0.191487464,0.050722923,-0.181128812,0.033038729,-0.171826356,0.034848751,-0.160050637,0.037507807,-0.148253631,0.041373688,-0.135278747,0.04666337,-0.122583848,0.055859536,-0.116084716,0.067899206,-0.107193677,0.077096025,-0.097007548,0.085755099,-0.084967525,0.09476484,-0.07138788,0.09717151,-0.086676888,0.092809929
Ptychochromoides_vondrozo,-0.125363604,-0.028205833,0.071241913,-0.060504785,-0.134196248,0.042915588,0.028419361,0.105040323,0.095781773,0.109409926,0.039802927,0.076277394,0.054338889,0.055366214,0.08312832,0.015194722,0.130654329,0.031046535,0.167328007,0.036861001,0.16791783,0.069861884,-0.183084072,-0.030117946,-0.167338812,-0.027743313,-0.154311969,-0.027307295,-0.141964549,-0.027534002,-0.127915258,-0.02822348,-0.112319105,-0.033646138,-0.101470538,-0.041739994,-0.092556155,-0.044668576,-0.080917217,-0.047173945,-0.06841284,-0.049434974,-0.055756632,-0.051742,-0.04313921,-0.05383994,-0.030486396,-0.055826605,-0.017760554,-0.057690073,-0.005062074,-0.059634042,0.007314603,-0.061432306,0.019547815,-0.06270979,0.03193882,-0.063171374,0.044482149,-0.063155121,0.056940907,-0.062753737,0.069268757,-0.061179927,0.081430516,-0.057576583,0.093422702,-0.053291367,0.105139504,-0.048326466,0.116748114,-0.042726982,0.1279815,-0.035613758,0.138181034,-0.026353881,0.146705681,-0.015931952,0.154449159,-0.00594046,0.162736715,0.003165057,0.170773306,0.012106068,0.179329956,0.019832452,0.189219151,0.02918001,0.198536739,0.040688521,0.206237553,0.052706702,-0.1908313,0.02803912,-0.176295202,0.030028877,-0.163705925,0.032625667,-0.151359965,0.036368025,-0.137910847,0.041036695,-0.122623621,0.04904831,-0.111801953,0.061980006,-0.105306051,0.071597353,-0.094331509,0.077573649,-0.083040139,0.085630637,-0.070194671,0.092794886,-0.089541611,0.078821027
Oxylapia_polli,-0.121256643,-0.033319472,0.081888224,-0.039298048,-0.138187568,0.036585329,0.053733529,0.092764323,0.11485433,0.089718305,0.064565967,0.068217049,0.077743054,0.046482839,0.098527387,0.016436585,0.144801755,0.021923217,0.175572207,0.026600882,0.180070018,0.057327474,-0.199748651,-0.041719557,-0.173834413,-0.035979776,-0.161362272,-0.034334866,-0.149393485,-0.033407878,-0.137514022,-0.032984769,-0.124856909,-0.033234937,-0.10954069,-0.035337726,-0.09584631,-0.040371804,-0.085636791,-0.04276971,-0.074459032,-0.043866757,-0.061609035,-0.04487677,-0.048738008,-0.045710195,-0.035810196,-0.046311276,-0.022980021,-0.046795189,-0.01018186,-0.046963969,0.002711694,-0.046999831,0.015375222,-0.046756116,0.027998094,-0.046163971,0.040531044,-0.045288764,0.052807642,-0.04402387,0.065175317,-0.042263323,0.077233643,-0.040229019,0.088384374,-0.037697271,0.099351957,-0.034221007,0.110563381,-0.02991194,0.121798315,-0.025205507,0.132677629,-0.020147152,0.143141327,-0.013780557,0.153484279,-0.006886122,0.163436193,-0.000166054,0.173833654,0.005953096,0.185474721,0.014095741,0.196736181,0.024796069,0.207768939,0.037677806,0.213624263,0.049219752,-0.210238955,0.017642813,-0.182112528,0.021893228,-0.168037171,0.025680832,-0.155127406,0.030127597,-0.141831554,0.034821577,-0.126351133,0.041200551,-0.111581209,0.051156527,-0.102626488,0.059178343,-0.093084791,0.062485162,-0.075768015,0.071872117,-0.067619805,0.084639446,-0.078529376,0.068526543
Katria_katria,-0.12366881,-0.03030289,0.092453573,-0.053767485,-0.137042567,0.042716519,0.042312142,0.109892044,0.115801636,0.102081355,0.056803236,0.076668671,0.067997443,0.056112699,0.093022698,0.013424453,0.128309466,0.029913039,0.163845584,0.034198731,0.158822208,0.070913651,-0.18411429,-0.030713784,-0.167625585,-0.028095088,-0.15455861,-0.027325927,-0.141972607,-0.02792763,-0.128420627,-0.029235043,-0.113557048,-0.034270257,-0.102527343,-0.042132271,-0.092682665,-0.045806465,-0.080977715,-0.049404731,-0.068960571,-0.052597523,-0.056767699,-0.055456762,-0.044621741,-0.057943369,-0.032522639,-0.059862578,-0.020256903,-0.061072935,-0.007868002,-0.061864808,0.004691113,-0.062098554,0.017353071,-0.062094369,0.029890618,-0.061766802,0.042390238,-0.060985783,0.054892682,-0.0598248,0.067379085,-0.058226821,0.079730839,-0.056182204,0.091753928,-0.053832885,0.103570261,-0.050755702,0.115408998,-0.045757189,0.127301323,-0.039109899,0.138601476,-0.030084641,0.148077538,-0.018906799,0.155004912,-0.006767981,0.16003844,0.004558437,0.16602061,0.014848927,0.174126882,0.024346135,0.181559507,0.035431534,0.188089562,0.047116437,0.19167412,0.055516925,-0.192471782,0.025747536,-0.175648044,0.028819362,-0.162911008,0.032390352,-0.150598174,0.0369402,-0.137229327,0.042343889,-0.122986329,0.051051417,-0.113613761,0.062989642,-0.105282695,0.071572675,-0.094471351,0.078986509,-0.08348751,0.087270417,-0.072625037,0.094807042,-0.087452747,0.083515377
Ptychochromis_makira,-0.121759578,-0.031866538,0.093728291,-0.057411638,-0.139949192,0.051194019,0.039527918,0.116271612,0.120027695,0.098328031,0.05469076,0.078217558,0.065183458,0.055773243,0.088752566,0.013416583,0.123020508,0.023646706,0.154401252,0.02549896,0.155782647,0.06882182,-0.167153831,-0.029683429,-0.161436839,-0.028784622,-0.149060621,-0.027475827,-0.135793131,-0.027258754,-0.121469955,-0.031620256,-0.110153955,-0.039753915,-0.100033059,-0.046411851,-0.089671787,-0.052273588,-0.07849064,-0.056884285,-0.06669103,-0.060785945,-0.054763032,-0.064566823,-0.042730375,-0.067961149,-0.030546026,-0.070938845,-0.018113735,-0.073213816,-0.0055157,-0.074649958,0.007217518,-0.075971234,0.020334188,-0.07581148,0.033339292,-0.074218136,0.046059257,-0.072266713,0.058622015,-0.069531921,0.07108849,-0.066247307,0.082963068,-0.061612056,0.094856832,-0.056824243,0.10604966,-0.049951619,0.115379493,-0.041034572,0.123553741,-0.03154287,0.130960163,-0.021608511,0.137475477,-0.011118914,0.143738468,0.000337315,0.152826247,0.009776207,0.161560976,0.018267898,0.169785172,0.027405941,0.176601811,0.038082076,0.183447522,0.048842709,0.187158342,0.05709711,-0.178474048,0.032554945,-0.171665541,0.034844669,-0.159703252,0.039195603,-0.148228898,0.044781798,-0.137337705,0.052529052,-0.130460438,0.063330281,-0.121663946,0.07384872,-0.111046213,0.08267863,-0.101520083,0.091319483,-0.085892858,0.101593664,-0.068821805,0.101980003,-0.089985553,0.099646176
Ptychochromis_new_sp,-0.120433335,-0.028331348,0.089174987,-0.056970701,-0.13908145,0.045599376,0.041534375,0.108798521,0.108560988,0.107438485,0.049924179,0.075243865,0.061139148,0.051736906,0.086757562,0.009827138,0.124363567,0.016798682,0.163781745,0.023239593,0.166299758,0.071771996,-0.174663629,-0.038139127,-0.16446814,-0.033588475,-0.153312706,-0.029868018,-0.141354712,-0.027198721,-0.126461223,-0.027316211,-0.110943728,-0.032326446,-0.09939494,-0.03953321,-0.089377168,-0.043544051,-0.077874675,-0.04738435,-0.06593913,-0.050986752,-0.053671915,-0.05449373,-0.041786098,-0.057937279,-0.029687707,-0.060750927,-0.017453895,-0.063638094,-0.005369186,-0.066130627,0.006726467,-0.06793068,0.019111976,-0.06866004,0.031702367,-0.068417859,0.044310221,-0.067186225,0.056951846,-0.065538034,0.069510207,-0.063321997,0.081902475,-0.060183318,0.093301536,-0.05445164,0.104456147,-0.048088717,0.114609371,-0.040309616,0.123670161,-0.031417231,0.131965684,-0.02176101,0.140081102,-0.011843318,0.149175148,-0.003295756,0.158894817,0.004782226,0.167553181,0.014885476,0.174642457,0.02512126,0.182625704,0.034141976,0.190863186,0.043620959,0.19897333,0.053228712,-0.191066204,0.027372848,-0.174211951,0.030462836,-0.161730092,0.034319989,-0.149679016,0.039810053,-0.137029373,0.046256612,-0.12507631,0.055510874,-0.117108506,0.066648302,-0.107972254,0.075557037,-0.099104395,0.08438706,-0.090258424,0.094011272,-0.075293567,0.098205466,-0.09275996,0.091765987
Ptychochromis_grandidieri,-0.123053219,-0.028435662,0.085966357,-0.06328481,-0.136668895,0.050193835,0.035534685,0.113239148,0.115685959,0.10103861,0.045680179,0.077319668,0.058797483,0.054118141,0.088624583,0.008828398,0.120303288,0.02024229,0.153475526,0.023753825,0.161648696,0.069483748,-0.166963429,-0.026998281,-0.161644405,-0.026217496,-0.149010062,-0.025196217,-0.134450913,-0.024792146,-0.119117769,-0.031200337,-0.109445526,-0.041208578,-0.100209477,-0.047159438,-0.08941956,-0.052350995,-0.077989722,-0.056768154,-0.066166252,-0.060578865,-0.054113131,-0.063962233,-0.041938366,-0.067010587,-0.029652912,-0.069591201,-0.017230575,-0.071600229,-0.004638201,-0.072987439,0.008106513,-0.073595893,0.020875366,-0.073535873,0.033629343,-0.073036183,0.046415277,-0.072012843,0.059229626,-0.0703673,0.072126507,-0.067794414,0.084854968,-0.06367462,0.096479566,-0.057207073,0.106874976,-0.049440555,0.116364309,-0.040846215,0.125059559,-0.031602104,0.132834305,-0.021709591,0.139829885,-0.011302808,0.146541968,-0.000564351,0.154588611,0.009225546,0.162734954,0.018624893,0.170472778,0.028164098,0.178071812,0.03819169,0.18496732,0.048920345,0.191002371,0.059711407,-0.176407275,0.035580259,-0.172108606,0.03669268,-0.160069377,0.040198656,-0.148288684,0.044362672,-0.135920814,0.050136196,-0.127680428,0.060567008,-0.121908663,0.07246208,-0.110480735,0.081934176,-0.100690895,0.089988425,-0.091580832,0.098800852,-0.0739055,0.108200432,-0.096022549,0.096053412
Ptychochromis_inornatus,-0.1257512,-0.0307523,0.08485908,-0.063461072,-0.134677412,0.05301895,0.034257321,0.11545191,0.107328636,0.105534398,0.043428045,0.077489384,0.054453693,0.05572387,0.080305305,0.015732902,0.120172835,0.026883258,0.157792485,0.032085667,0.158366296,0.071979379,-0.167793903,-0.02832947,-0.160707622,-0.027455316,-0.148136201,-0.026781149,-0.134618614,-0.027300335,-0.120820312,-0.033240105,-0.111861922,-0.042777945,-0.102227716,-0.049494029,-0.091071815,-0.054807378,-0.079325717,-0.059119342,-0.06724671,-0.062682631,-0.054920884,-0.065791159,-0.042582053,-0.068579854,-0.030152051,-0.07094898,-0.017525255,-0.072733499,-0.004791749,-0.073670893,0.007922216,-0.074178954,0.020704874,-0.074236965,0.033536161,-0.073823176,0.046405695,-0.072633457,0.059233311,-0.070757129,0.072041527,-0.068057462,0.084602654,-0.063716938,0.096186345,-0.057245383,0.106683612,-0.049594687,0.116120918,-0.041052311,0.12485931,-0.031971996,0.133085505,-0.022482809,0.140376475,-0.012365098,0.146525467,-0.001432104,0.154300926,0.008711623,0.162642482,0.018073753,0.170840372,0.027088079,0.178931221,0.036658354,0.186359896,0.047136554,0.192310736,0.056919282,-0.177632463,0.037658628,-0.170820235,0.039074428,-0.158946781,0.041852683,-0.147393032,0.046214701,-0.135258876,0.05215514,-0.126246928,0.061930249,-0.11791546,0.072115872,-0.107402394,0.080864466,-0.096713854,0.088845443,-0.086154988,0.096770465,-0.074911712,0.104420131,-0.081025538,0.101084356
Ptychochromis_insolitus,-0.123977292,-0.032954342,0.083532725,-0.052139418,-0.135594162,0.04374109,0.035844576,0.101402687,0.113697002,0.100144958,0.047056822,0.073739448,0.059169344,0.05290832,0.086384076,0.01300179,0.128029651,0.026760458,0.172711918,0.035379649,0.168557849,0.072623877,-0.187688304,-0.032011447,-0.168076583,-0.030892334,-0.155379793,-0.030157943,-0.143201115,-0.030346626,-0.129953748,-0.030765998,-0.115318403,-0.03559469,-0.104484998,-0.042766612,-0.093615634,-0.04578912,-0.081092337,-0.049912321,-0.069540341,-0.053572617,-0.057847644,-0.055686017,-0.04559128,-0.057282102,-0.033179501,-0.058270955,-0.020444953,-0.058900622,-0.007822231,-0.059473633,0.004831471,-0.059428441,0.017591964,-0.059370479,0.030418586,-0.058883293,0.043018035,-0.058601051,0.055336517,-0.057392035,0.067625782,-0.055761386,0.07951779,-0.053101947,0.091142812,-0.049482068,0.102586008,-0.044744428,0.113868263,-0.03940119,0.124430181,-0.032304002,0.135031278,-0.024864333,0.144483901,-0.015510877,0.153121413,-0.005539035,0.160980538,0.004508567,0.169031194,0.013322918,0.178144426,0.021485603,0.187632684,0.031315044,0.196590322,0.04261669,0.204068941,0.054909019,-0.196872717,0.028761639,-0.177220476,0.032343926,-0.164750552,0.036050642,-0.152888237,0.039106614,-0.139269906,0.042260913,-0.123284682,0.049384806,-0.112906846,0.060519762,-0.103162042,0.066277158,-0.091220062,0.072786238,-0.077772235,0.080449453,-0.064500681,0.093455514,-0.077779315,0.08164458
Ptychochromis_oligacanthus,-0.127401164,-0.027140657,0.088292935,-0.06417719,-0.137522272,0.050470984,0.028588383,0.110861091,0.107083076,0.107462671,0.034326409,0.077003394,0.048051491,0.054269779,0.076120987,0.003054883,0.119321821,0.024108952,0.159987272,0.027716313,0.153865681,0.073468537,-0.170148728,-0.025104034,-0.161741445,-0.02463494,-0.149220394,-0.024228961,-0.134223817,-0.024197484,-0.119879529,-0.032061619,-0.111001383,-0.04117419,-0.100929219,-0.04639324,-0.089787817,-0.051600238,-0.078306981,-0.056093052,-0.066373996,-0.05976444,-0.054238188,-0.063001137,-0.041984683,-0.065743107,-0.02957036,-0.068062272,-0.017085295,-0.070144199,-0.00449215,-0.071665895,0.008186585,-0.072802815,0.020979484,-0.073252693,0.033785508,-0.073118335,0.046647754,-0.072440794,0.059478318,-0.071323091,0.072777098,-0.069642806,0.086037544,-0.065358613,0.098099499,-0.059221002,0.109549255,-0.05195272,0.119396858,-0.042736836,0.127852097,-0.032924506,0.135507513,-0.022695736,0.142164005,-0.011947552,0.149439835,-0.001659205,0.157321055,0.00812384,0.165064661,0.018017766,0.172413141,0.028050952,0.179954382,0.038211083,0.186886244,0.049140893,0.193333977,0.062162666,-0.177184436,0.038464409,-0.172468566,0.03928904,-0.16048634,0.04205341,-0.148845338,0.045689572,-0.136131503,0.05090027,-0.127803767,0.061612799,-0.118600226,0.071808498,-0.107096905,0.079092144,-0.096372786,0.086319581,-0.084061915,0.096279762,-0.070117463,0.097984518,-0.087436202,0.094645555
Ptychochromis_loisellei,-0.12943755,-0.028815619,0.08818187,-0.060441072,-0.139030256,0.052198178,0.034798459,0.105527665,0.105071939,0.098859578,0.049031787,0.074071715,0.060986704,0.05279146,0.088494655,0.010968061,0.123943952,0.024337381,0.159183415,0.028596284,0.159429964,0.071490796,-0.166818425,-0.026348723,-0.161664379,-0.025230931,-0.148284625,-0.024369778,-0.132811035,-0.026203816,-0.121378861,-0.035692611,-0.112342151,-0.04338492,-0.1020474,-0.049432209,-0.090696301,-0.054375822,-0.079032698,-0.058896273,-0.067156109,-0.062851132,-0.054970721,-0.066102281,-0.042570717,-0.068872945,-0.030023097,-0.071058745,-0.017363674,-0.072210776,-0.00466125,-0.073012662,0.008097818,-0.073158333,0.020887732,-0.073059689,0.033675814,-0.072122789,0.04641644,-0.070570853,0.059058232,-0.068538885,0.071627487,-0.065915841,0.084154372,-0.062287577,0.095909646,-0.056314185,0.106446397,-0.048674238,0.115601593,-0.039938915,0.123855031,-0.030513196,0.131804395,-0.0208087,0.139296399,-0.010790756,0.146653636,-0.000404846,0.155480936,0.008619209,0.164039322,0.017604489,0.171611138,0.027615608,0.178308782,0.038390716,0.18484489,0.049386213,0.189619377,0.060244566,-0.17763252,0.037818309,-0.172462936,0.039105438,-0.160555373,0.042708788,-0.149021751,0.047015429,-0.137262474,0.052877092,-0.129283365,0.06320681,-0.119647315,0.073142193,-0.107987911,0.08096606,-0.097191313,0.088116841,-0.085734752,0.096881735,-0.071221981,0.101199253,-0.088221243,0.096659251
Paratilapia_polleni,-0.128054625,-0.033167858,0.071077238,-0.05826924,-0.13602692,0.047114279,0.038793665,0.116737269,0.120564566,0.11108334,0.04371552,0.080843058,0.054789517,0.05947039,0.08571918,0.009888988,0.13285319,0.031473026,0.166360286,0.037732934,0.158116659,0.07662108,-0.172857689,-0.034083491,-0.162193575,-0.032867709,-0.150048032,-0.032015215,-0.138097002,-0.031456047,-0.1245406,-0.034337532,-0.11505182,-0.043852919,-0.105040005,-0.05051025,-0.093506069,-0.055608468,-0.081266868,-0.059010226,-0.068834618,-0.061693839,-0.05639201,-0.064105999,-0.043947655,-0.066018708,-0.031427975,-0.067394409,-0.018842858,-0.068113582,-0.006230491,-0.068414842,0.00633828,-0.068175753,0.018891295,-0.067471083,0.031352269,-0.066252432,0.043752984,-0.064443948,0.056088158,-0.062163164,0.068051778,-0.059120984,0.079543286,-0.055057275,0.090719278,-0.049955827,0.101621611,-0.044217053,0.112117449,-0.037777695,0.122144015,-0.030486416,0.131575859,-0.022341432,0.140301729,-0.013339529,0.148550166,-0.003788082,0.156366864,0.006016144,0.163943647,0.015464367,0.173026856,0.022212186,0.182581337,0.029780523,0.192182996,0.038126466,0.200596703,0.046716409,-0.18394226,0.032212082,-0.17157413,0.035198882,-0.159337316,0.038523075,-0.147147948,0.04234278,-0.133416487,0.048594393,-0.124332145,0.059849065,-0.116018049,0.06977161,-0.105192624,0.077327984,-0.093743269,0.084624495,-0.082069748,0.091698991,-0.070582831,0.098503352,-0.072020762,0.097583837